model,condition,severity,n_repeats,accuracy_mean,accuracy_ci_lower,accuracy_ci_upper,balanced_accuracy_mean,balanced_accuracy_ci_lower,balanced_accuracy_ci_upper,precision_mean,precision_ci_lower,precision_ci_upper,recall_mean,recall_ci_lower,recall_ci_upper,f1_mean,f1_ci_lower,f1_ci_upper,roc_auc_mean,roc_auc_ci_lower,roc_auc_ci_upper,global_spearman_mean,global_spearman_ci_lower,global_spearman_ci_upper,global_kendall_mean,global_kendall_ci_lower,global_kendall_ci_upper,jaccard_top_k_mean,jaccard_top_k_ci_lower,jaccard_top_k_ci_upper,instance_cosine_mean_mean,instance_cosine_mean_ci_lower,instance_cosine_mean_ci_upper,instance_rank_corr_mean_mean,instance_rank_corr_mean_ci_lower,instance_rank_corr_mean_ci_upper
RandomForest,Corruption,0.05,50,0.9089595157018537,0.9086643965191071,0.9092622020431328,0.7429709179369948,0.7423102807965479,0.7436369583022627,0.733364555310697,0.731219726586728,0.7355176973032109,0.5153072625698324,0.5139664804469274,0.5166480446927374,0.6052677001310198,0.6041237917898971,0.6064573442344425,0.9279652702223636,0.9274997909612116,0.928410408542474,0.9970827067669172,0.9964812030075189,0.997624060150376,0.982315789473684,0.979157894736842,0.9850578947368421,0.9266666666666665,0.8866666666666666,0.9666666666666666,0.9923299862176858,0.9911936522144128,0.9934899415435824,0.9883708270676691,0.9873030601503758,0.9894127819548872
RandomForest,Corruption,0.1,50,0.9083844116534242,0.9080060537268255,0.9087779038970867,0.7423556348789165,0.7414169058591983,0.7433273629940221,0.7293774761213796,0.7271315165531289,0.7317257636324668,0.5146368715083799,0.5127374301675978,0.516536312849162,0.6034398630667663,0.6017333147521646,0.6051786098618858,0.924918462648069,0.9243458503966849,0.9254880722589636,0.9960601503759398,0.9953383458646617,0.9967518796992482,0.9764210526315789,0.9726315789473684,0.9802105263157894,0.8866666666666666,0.8466666666666666,0.9266666666666667,0.9832558829485278,0.9817190090418915,0.9847684031164309,0.9756234586466164,0.9739516390977443,0.9771957969924814
RandomForest,Corruption,0.2,50,0.9064018161180476,0.9057510404842982,0.9070300794551646,0.7378639903182035,0.7362423566372871,0.7393946074716086,0.7194791393138351,0.7156547138256768,0.7232544592607131,0.5067039106145251,0.5034064245810056,0.5097206703910614,0.5945496922187766,0.5916974598991238,0.5974134729305195,0.9195243572974097,0.9186362162756868,0.9204724900064789,0.9938646616541353,0.9930526315789474,0.9946466165413534,0.9627368421052631,0.9589473684210525,0.9665263157894738,0.7799999999999998,0.7399999999999999,0.8266666666666665,0.9660031021207878,0.9629897842860423,0.968953827176399,0.9510526315789473,0.9485811127819549,0.9535948270676691
RandomForest,Corruption,0.3,50,0.9050397275822928,0.9042981460461597,0.9057283390087021,0.7358748578902976,0.7341204090925761,0.7374747882107012,0.7110021990485275,0.706806857504176,0.7149080860668552,0.503854748603352,0.500558659217877,0.5069287709497207,0.589701412465808,0.5864612965887099,0.5927487439606643,0.9136271774873783,0.912664636688141,0.9145694806425194,0.99196992481203,0.9907962406015036,0.9929924812030074,0.9545263157894738,0.9496842105263158,0.9587421052631581,0.7466666666666666,0.7066666666666666,0.7866666666666666,0.9544766979133407,0.9513001138136784,0.9573677267382918,0.930102857142857,0.9272498195488722,0.932943887218045
RandomForest,MCAR,0.05,50,0.9057510404842982,0.9051606129398411,0.9063187665531593,0.7260391183697421,0.724347453944232,0.727633367052553,0.7324582493474808,0.7284217689710273,0.7363774283534611,0.4795530726256983,0.476086592178771,0.48273882681564245,0.5794990605166767,0.5765993292928993,0.582318202393253,0.9196876887155727,0.9186455276701344,0.9207433657689813,0.9897443609022557,0.988630827067669,0.9908872180451127,0.9498947368421053,0.9456842105263159,0.9541052631578948,0.98,0.9599999999999999,1.0,0.9578445580651167,0.9534650744716142,0.9620104041847262,0.9459296240601505,0.9432913684210524,0.9485672706766917
RandomForest,MCAR,0.1,50,0.9015437003405221,0.9006432084752177,0.9024441922058267,0.7072104690537023,0.7047703705854308,0.7094313964646775,0.7248038078061046,0.718925532137919,0.7308598914165677,0.4406703910614526,0.4359203910614525,0.44508379888268146,0.5479427815300866,0.5431159660187196,0.5523037516856101,0.9082699167512195,0.9066087169785948,0.9099730025182451,0.9839999999999999,0.9825563909774436,0.985324060150376,0.9303157894736843,0.925678947368421,0.9349473684210526,0.9666666666666666,0.9399999999999998,0.9933333333333333,0.9201002757902443,0.9148196300473083,0.9253822417693365,0.8955007518796991,0.8915333082706767,0.8992063609022557
RandomForest,MCAR,0.2,50,0.8939841089670828,0.8929320847521756,0.8949831630722663,0.6714846521521214,0.6684578548463993,0.6744372654425876,0.7111247054218052,0.7039683851310337,0.7180760052587132,0.3663128491620112,0.36027932960893855,0.3720111731843575,0.48323811744720485,0.47720313461598685,0.4892973985874707,0.8834887351319634,0.8812533495104091,0.8856619445497109,0.9712781954887216,0.9689323308270674,0.9736240601503758,0.8947368421052633,0.8892631578947369,0.9004210526315789,0.9466666666666665,0.9131666666666668,0.98,0.8442277421140719,0.836599498525395,0.8512220580198754,0.8013813533834586,0.796364045112782,0.8058008045112781
RandomForest,MCAR,0.3,50,0.8862731744230042,0.885281876655316,0.8873098751418841,0.6348232705402003,0.6319312448809945,0.6377796446951823,0.6911778643550135,0.6830077302844836,0.6996016635201245,0.28994413407821223,0.28435754189944135,0.29564245810055867,0.4082549586660391,0.4015862615035931,0.41501143238352933,0.8551459604170998,0.852483082833148,0.8575747695683532,0.9494135338345864,0.9463157894736842,0.9523909774436089,0.8469473684210526,0.8408421052631578,0.8526315789473685,0.9,0.8533333333333333,0.9466666666666665,0.7728499257041777,0.765107656957649,0.7801483129610636,0.7146421052631579,0.7096976992481203,0.7190345789473682
RandomForest,MNAR,0.05,50,0.9070147559591374,0.9066969353007945,0.9073325766174801,0.7369228634646652,0.7361591472806621,0.7377460484334314,0.7260458578143839,0.7238850019269999,0.7281913430492071,0.5036312849162012,0.5020111731843575,0.5053072625698324,0.5946884699132293,0.5933806748922233,0.5960566061888677,0.9233938119628867,0.9226020833588011,0.9241232066672371,0.9979849624060151,0.997624060150376,0.9983458646616541,0.9863157894736841,0.9840000000000001,0.9886315789473683,1.0,1.0,1.0,0.9794442283300914,0.9761036621197958,0.9828918624009879,0.9911572932330828,0.9897436842105264,0.9926401954887216
RandomForest,MNAR,0.1,50,0.9065001891789631,0.9061445327279607,0.9068558456299658,0.7347642995978143,0.7339141153136192,0.7356761130398639,0.7249307975779147,0.7226061934636205,0.7272282720074,0.499217877094972,0.49743016759776537,0.5011173184357542,0.591230356225939,0.5897014716348367,0.5928335624206971,0.9216255149566641,0.9208476244758748,0.9224111499578255,0.9975338345864663,0.997172932330827,0.9978947368421052,0.9833684210526318,0.9812631578947368,0.9854736842105264,0.9933333333333334,0.98,1.0,0.9732381742367021,0.9690253188703658,0.977409634614513,0.9886484210526316,0.9870675939849624,0.990330947368421
RandomForest,MNAR,0.2,50,0.9052516080211881,0.9048202799848657,0.9056829360575103,0.7300140214906543,0.7289279274598731,0.7312367862425583,0.7214089078251601,0.7187145312734585,0.7238316742575132,0.4896648044692738,0.48754189944134074,0.4921229050279329,0.5833225193324033,0.5813487670622599,0.5854785837679811,0.9175421806046233,0.9166643436059801,0.9184410091928169,0.9969022556390977,0.9965413533834585,0.9972338345864664,0.9791578947368421,0.977257894736842,0.9810578947368422,0.9933333333333334,0.98,1.0,0.9642454988669107,0.9600890223632889,0.968542164249304,0.9847278195488721,0.9831927443609021,0.9863887894736842
RandomForest,MNAR,0.3,50,0.9039803253878169,0.9035792659856225,0.9043813847900114,0.7255804065865554,0.724696886116646,0.7265504342750266,0.7171147245067979,0.7144862681529308,0.7195754353989627,0.48089385474860336,0.47916201117318435,0.4828491620111731,0.5756800415778188,0.5740158593292664,0.577485720981186,0.9130678092490495,0.912116261934159,0.9140275628644426,0.9964812030075187,0.9961804511278194,0.996781954887218,0.9757894736842105,0.9738947368421053,0.9776842105263158,1.0,1.0,1.0,0.9492876357881757,0.9453313168990501,0.9531950408698923,0.9781151879699247,0.9765235563909774,0.9796674812030076
RandomForest,Noise,0.05,50,0.9082255013242526,0.9078547105561863,0.9086189935679152,0.7418868256665404,0.7408684632592937,0.7429440530909626,0.7287453387007312,0.7265575484281377,0.7309889133913049,0.5137430167597765,0.5116745810055866,0.5158659217877095,0.6026050711015156,0.6008427686146577,0.6044594930157844,0.9299678251408872,0.9297136287788956,0.9302148710927473,0.9970827067669172,0.9966616541353384,0.9974436090225565,0.9810526315789474,0.9789473684210528,0.9829473684210527,1.0,1.0,1.0,0.9956248641837443,0.9952061835884538,0.9959912938021795,0.9932201503759397,0.9927166842105262,0.9936827443609023
RandomForest,Noise,0.1,50,0.9077866061293983,0.9072415815361333,0.9083240635641316,0.7393715633900958,0.7380579312494651,0.7407019950368569,0.7289064195480315,0.7257122729592832,0.7320343139606802,0.5083798882681565,0.5058645251396648,0.5110055865921788,0.5989364946031743,0.5965349927026303,0.6014194830069869,0.9278628167671111,0.9274147341784531,0.9283305572534014,0.9967518796992481,0.996390977443609,0.9970526315789475,0.9778947368421052,0.976,0.9797894736842104,0.9933333333333334,0.98,1.0,0.9872222370276589,0.9860633909468126,0.9882711699060073,0.9863494736842106,0.9854817969924812,0.9871717293233082
RandomForest,Noise,0.2,50,0.9049943246311011,0.9042981460461597,0.9057888762769579,0.732385780472599,0.7307457238732077,0.7342406339009572,0.7158177480921117,0.7114046029990825,0.7203578197421807,0.49564245810055874,0.49245810055865924,0.4993296089385475,0.5855995614019767,0.5826075698608714,0.5890060724916829,0.9203914648607019,0.919542283595956,0.9212453229099177,0.9953684210526316,0.9949473684210527,0.9958195488721805,0.9694736842105265,0.9671578947368421,0.9717894736842106,0.9066666666666667,0.86,0.9466666666666665,0.9601703889217739,0.9579278807300008,0.9622802753940045,0.9678553383458646,0.9665722781954885,0.969077992481203
RandomForest,Noise,0.3,50,0.9000681044267879,0.8992735527809308,0.9009004918653046,0.7210092783883231,0.7189902017652164,0.7232339504663643,0.6905795631547386,0.68602305047199,0.6951961015704814,0.4754189944134078,0.4714525139664804,0.4797779329608938,0.5630287956739584,0.5593404472394945,0.5669921638154101,0.9097132501253011,0.9086524473430068,0.910845956138528,0.9947368421052631,0.9942857142857144,0.995187969924812,0.9650526315789476,0.9625263157894737,0.9677894736842105,0.8933333333333333,0.8466666666666666,0.9333333333333332,0.9239982186697097,0.9201340372631945,0.9276006568164343,0.9455224060150376,0.9433270075187968,0.9475815714285714
XGBoost,Corruption,0.05,50,0.8627544457056376,0.8622777147181233,0.8632540673477109,0.8752322653203427,0.8744614360109044,0.8760257829786195,0.49633337888574564,0.49535832900292265,0.49736092830186845,0.8923463687150837,0.8908938547486034,0.893798882681564,0.6378673245732116,0.636806747003242,0.6389870880369697,0.943206288277936,0.9427289530946299,0.943672063371759,0.9965413533834586,0.9950977443609021,0.9977744360902255,0.9854736842105264,0.9810526315789474,0.9896842105263155,1.0,1.0,1.0,0.9873966972909867,0.9856710250101891,0.9891307260674052,0.9846484210526314,0.9834087218045113,0.985835
XGBoost,Corruption,0.1,50,0.8574120317820657,0.8565342413923571,0.8582746878547105,0.8713416256127526,0.8703252298204224,0.8723271704582962,0.48569803704299325,0.4839939863144968,0.4873794594557937,0.8904469273743015,0.888659217877095,0.8921787709497206,0.6285271194246641,0.6269094945722473,0.63008684995229,0.9392097111352884,0.9386135612385853,0.9397775515567889,0.992421052631579,0.9904353383458645,0.9942857142857143,0.9696842105263158,0.9637842105263158,0.9753684210526314,1.0,1.0,1.0,0.9739368142441848,0.9714607843003118,0.9762302721116064,0.9682622556390977,0.9664116917293233,0.9699952781954887
XGBoost,Corruption,0.2,50,0.8457661748013621,0.8447292849035187,0.8468257661748014,0.8613320293876751,0.8598386061635882,0.8627472840238133,0.46366259915545116,0.4617640009314766,0.4656018590145853,0.8826815642458099,0.8798882681564245,0.8854189944134078,0.6079357455053347,0.6060020323046654,0.6098948467014351,0.931520298766549,0.9305897589330464,0.9324681970710121,0.9857443609022556,0.9839999999999998,0.9874894736842106,0.9477894736842104,0.941684210526316,0.9534736842105264,1.0,1.0,1.0,0.9483528632305098,0.9441467606388418,0.9525858461648693,0.9353097744360902,0.9324785338345865,0.9381724661654135
XGBoost,Corruption,0.3,50,0.8332803632236095,0.8320090805902385,0.8344986757472569,0.8519673728347372,0.8504717281151059,0.8534855402613596,0.441993816823074,0.43990545340085346,0.4440132087557124,0.8775977653631286,0.8751396648044694,0.8802793296089385,0.5878602299967565,0.5856969418009045,0.5900081826937117,0.9239137317702284,0.9229241986846449,0.9248688807256458,0.9860150375939848,0.9839398496240601,0.9881203007518796,0.9471578947368422,0.9406315789473685,0.9538947368421052,1.0,1.0,1.0,0.9267155311636627,0.9221870029055561,0.931135366051956,0.9048294736842105,0.9011923909774437,0.9083457218045112
XGBoost,MCAR,0.05,50,0.8620431328036322,0.8612183125236474,0.8628755202421491,0.8606162610173222,0.8587295603461975,0.8623334034204125,0.4947031836090083,0.49295676478117695,0.49645451766868637,0.858659217877095,0.8549706703910616,0.8620111731843575,0.6277183262390336,0.6255683655943235,0.6297886370645476,0.9296869796951214,0.9283446108333435,0.930939405950882,0.985984962406015,0.984721804511278,0.987278947368421,0.9414736842105264,0.9370526315789475,0.9461052631578947,1.0,1.0,1.0,0.9608443402862177,0.9562027681193035,0.9651589821218373,0.9555079699248121,0.9534863909774438,0.9575181804511277
XGBoost,MCAR,0.1,50,0.8564737041241014,0.8553386303443058,0.8575711312902006,0.8412354314633937,0.8388775475838295,0.843583717284207,0.4825256325556559,0.48010108125868733,0.48487324750174593,0.8203351955307263,0.815808659217877,0.8248044692737431,0.6075952727384842,0.6047699564487419,0.6103761676062937,0.9127608278424998,0.9108188593327874,0.9147180992750877,0.9808120300751878,0.9794887218045112,0.9820157894736842,0.921684210526316,0.9178947368421055,0.9254736842105263,1.0,1.0,1.0,0.9240387228570879,0.9184021189393151,0.929483677297791,0.9118745864661655,0.909001947368421,0.9146515112781956
XGBoost,MCAR,0.2,50,0.8475595913734394,0.8462954975406736,0.8487854710556186,0.8016403310392041,0.7987103883720648,0.8043189828001418,0.4609326856831161,0.4580225045899508,0.46371900276314576,0.738659217877095,0.7329050279329609,0.7437430167597765,0.5675928257190154,0.563948966693778,0.5709731346565915,0.8794983680305124,0.8770043027150594,0.8818390153784091,0.9720902255639097,0.9701954887218044,0.9740150375939848,0.8966315789473684,0.8924210526315788,0.900842105263158,1.0,1.0,1.0,0.8479109359153546,0.8403379009563069,0.8546721626825876,0.8275353383458647,0.8239612706766918,0.8310616842105263
XGBoost,MCAR,0.3,50,0.8396367763904655,0.8382289065455921,0.8410898600075672,0.7607104507169664,0.7577966984707162,0.7633881544686625,0.43835548912369193,0.4350959555694974,0.4417962689519425,0.6524581005586592,0.6466452513966481,0.6576550279329609,0.524307510268812,0.5205006054381833,0.5280455124613637,0.846179406623229,0.8433818029289879,0.8488195805777294,0.9568421052631578,0.953984962406015,0.95963984962406,0.8680000000000001,0.8625263157894737,0.8732631578947369,1.0,1.0,1.0,0.7705315267258875,0.7627806904324957,0.7774732818503054,0.744304962406015,0.7399018571428571,0.7482883383458646
XGBoost,MNAR,0.05,50,0.86525917517972,0.8646613696556942,0.8658342792281496,0.8673759886556724,0.8661350564771463,0.8685031475007029,0.5015327717341845,0.5002648330867648,0.5027533338200969,0.8702793296089385,0.8678212290502794,0.8725698324022346,0.6363311662420389,0.6348380857013698,0.6376653839880855,0.9347719643533857,0.9336307372590248,0.9358400850213318,0.995187969924812,0.9940751879699248,0.9962706766917293,0.9753684210526317,0.9711526315789473,0.9797894736842104,1.0,1.0,1.0,0.9766353548766579,0.9729633774939588,0.9804811540972476,0.9917521804511279,0.9904825864661654,0.9930963609022555
XGBoost,MNAR,0.1,50,0.8645554294362466,0.8638743851683696,0.8652213393870603,0.8625639035243207,0.8612380591176363,0.8639003673459407,0.50003432153755,0.49857321335843535,0.5014617673297164,0.859832402234637,0.8573743016759776,0.8623477653631286,0.6323228264026425,0.6306443117598239,0.6339260913396425,0.9313355133674803,0.930198226226422,0.9324662044790534,0.9938045112781951,0.9927210526315787,0.9949473684210526,0.9690526315789474,0.9646315789473685,0.9736842105263157,1.0,1.0,1.0,0.9699514282078947,0.9653507778209318,0.9745768800842262,0.9889097744360901,0.9872679172932332,0.9905410902255639
XGBoost,MNAR,0.2,50,0.8632387438516838,0.8624740824820281,0.8640035944003028,0.8532042590125057,0.8515015347847877,0.8548808329156633,0.49715430144132944,0.4954784523393762,0.49884423503880565,0.8394413407821228,0.8363128491620111,0.8426256983240223,0.6244553126904525,0.6223964455170694,0.6265170963409956,0.9245274011955553,0.9233141703238269,0.9257911399948655,0.9915187969924811,0.9907360902255636,0.992421052631579,0.9612631578947368,0.9578947368421054,0.9650526315789475,1.0,1.0,1.0,0.9598905170218553,0.9553590983914699,0.96466607358256,0.9844508270676691,0.982885992481203,0.9860471127819547
XGBoost,MNAR,0.3,50,0.8619220582671206,0.8612183125236473,0.862640938327658,0.8443393029595492,0.8426939342077918,0.8459286881287973,0.4941747943421696,0.49260551072583086,0.49576996939195817,0.8202234636871509,0.8171508379888269,0.8231843575418994,0.6167440497252169,0.6148228372903833,0.6185942332474387,0.917470496192071,0.9161344043005759,0.918844817732846,0.9895939849624059,0.9890827067669171,0.9901052631578948,0.952421052631579,0.9501052631578949,0.9547368421052631,1.0,1.0,1.0,0.9428692776919809,0.9382694510899553,0.9473108217640127,0.9769873684210525,0.9753235263157893,0.9785693684210527
XGBoost,Noise,0.05,50,0.8801362088535756,0.8794627317442302,0.8808172531214526,0.8667457428211678,0.8651632666283634,0.8683668826326664,0.5364139776358325,0.5348146989826841,0.5380331131253514,0.8483798882681565,0.8452513966480448,0.8516759776536311,0.6572293457199643,0.6553732047578333,0.6591234096892017,0.9430269061036882,0.942712593975771,0.9433550059288778,0.9921203007518798,0.9913075187969923,0.9929323308270678,0.9686315789473684,0.9663157894736842,0.9709473684210527,1.0,1.0,1.0,0.9809453304052353,0.9802377689799667,0.9816654728072883,0.9749061654135336,0.9736141353383458,0.9761364887218044
XGBoost,Noise,0.1,50,0.8783579265985623,0.8776539916761256,0.8790465380249715,0.8628905052381941,0.8615179125459946,0.8644070223585932,0.5322821541314693,0.5305531420776337,0.533934918463322,0.8416759776536314,0.8388826815642457,0.8447486033519553,0.6521138949001987,0.6504014603728465,0.6539453014050964,0.9409443296700608,0.9405082637556078,0.9413748144933559,0.991187969924812,0.9902556390977444,0.9920902255639098,0.9658947368421051,0.9633684210526315,0.9684210526315788,1.0,1.0,1.0,0.9740996827840805,0.9731062634687127,0.9750743185499312,0.9699711278195486,0.968424819548872,0.9713668270676691
XGBoost,Noise,0.2,50,0.8730609156261824,0.8719710556186153,0.8742342035565644,0.8512760045475105,0.8494762789873233,0.8532102649047099,0.5199993501189678,0.5173883129145923,0.5228291082641362,0.8213966480446926,0.8181005586592178,0.8250279329608938,0.6367929270889856,0.6342073297183941,0.6395226338439086,0.9336418102025599,0.9329412928009976,0.9343724988692347,0.9902255639097745,0.9890225563909774,0.9913684210526315,0.9621052631578948,0.9585263157894737,0.9654736842105264,1.0,1.0,1.0,0.95128638424417,0.9491919347299076,0.9533325595476597,0.958545864661654,0.9568793684210525,0.960123834586466
XGBoost,Noise,0.3,50,0.8645554294362466,0.8632614453272797,0.8658494135452137,0.8356151608131731,0.8333741925723995,0.8380023003435081,0.5001094280853077,0.4971135787165221,0.5031163839073008,0.7959217877094973,0.7918994413407822,0.8002234636871508,0.6142181253935851,0.6110486255671795,0.6174481578186598,0.9218998936469324,0.920879451853844,0.9229384301309242,0.9884210526315788,0.9873684210526315,0.9894135338345862,0.9557894736842105,0.9526315789473685,0.9589473684210528,1.0,1.0,1.0,0.9194452239391394,0.9157271594955656,0.9229276163918618,0.943727819548872,0.9413387067669171,0.9459505037593983
